Workbook

Sheet Instructions
A1: ISDP371 – Assignment 4: Test Case Register
A2: Digital Innovators – Big Little Things Foundation Volunteer and Donations Management System
A5: How to use this workbook:
A6: 1. This workbook contains one sheet per test type, matching the Test Plan (T1–T7): 'Iteration 1 Unit', 'Iteration 1 Usability', 'Iteration 2 Unit', 'Iteration 2 Usability', 'Iteration 3 Unit', 'Iteration 3 Usability', and three System Test sheets ('System Test - Functionality', 'System Test - Performance', 'System Test - Usability').
A7: 2. Each Unit Test and System Test - Functionality/Performance sheet uses a Test Case ID format like T1-UT-01, T2-UT-01, T3-UT-01 or ST-FN-01 / ST-PF-01.
A8: 3. Each Usability sheet is pre-populated with Nielsen's 10 heuristics as the starting test cases (IDs T1-UX-01 to T1-UX-10, etc.)
A9: 4. Fill in the yellow 'to complete' columns after testing: Actual Result, Pass/Fail, Tested By, Date Tested and Comments. The Result column has a dropdown (Pass / Fail / Not Tested).
A10: 5. Once a sheet is complete, copy the summary counts (total, pass, fail) into the matching sub-section of Section 2 (Test Results) in the Assignment 4 report.
A11: 6. Keep this file in the project GitHub repository (e.g. /testing/) so results are version-controlled alongside the code.

Sheet Results Summary
A1: Overall Test Results Summary
A2: Auto-fill after each sheet is completed
A4: Test sheet | B4: Total cases | C4: Passed | D4: Failed | E4: Not tested | F4: Pass rate
A5: Iteration 1 Unit | B5: =COUNTIF('Iteration 1 Unit'!A5:A15,"?*") -> 5 | C5: =COUNTIF('Iteration 1 Unit'!I5:I15,"Pass") -> 5 | D5: =COUNTIF('Iteration 1 Unit'!I5:I15,"Fail") -> 0 | E5: =COUNTIF('Iteration 1 Unit'!I5:I15,"Not Tested")+COUNTIF('Iteration 1 Unit'!I5:I15,"Partial") -> 0 | F5: =IFERROR(C5/B5,"") -> 1
A6: Iteration 1 Usability | B6: =COUNTIF('Iteration 1 Usability'!A5:A14,"?*") -> 10 | C6: =COUNTIF('Iteration 1 Usability'!G5:G14,"Pass") -> 5 | D6: =COUNTIF('Iteration 1 Usability'!G5:G14,"Fail") -> 2 | E6: =COUNTIF('Iteration 1 Usability'!G5:G14,"Not Tested")+COUNTIF('Iteration 1 Usability'!G5:G14,"Partial") -> 3 | F6: =IFERROR(C6/B6,"") -> 0.5
A7: Iteration 2 Unit | B7: =COUNTIF('Iteration 2 Unit'!A5:A15,"?*") -> 5 | C7: =COUNTIF('Iteration 2 Unit'!I5:I15,"Pass") -> 5 | D7: =COUNTIF('Iteration 2 Unit'!I5:I15,"Fail") -> 0 | E7: =COUNTIF('Iteration 2 Unit'!I5:I15,"Not Tested")+COUNTIF('Iteration 2 Unit'!I5:I15,"Partial") -> 0 | F7: =IFERROR(C7/B7,"") -> 1
A8: Iteration 2 Usability | B8: =COUNTIF('Iteration 2 Usability'!A5:A14,"?*") -> 10 | C8: =COUNTIF('Iteration 2 Usability'!G5:G14,"Pass") -> 7 | D8: =COUNTIF('Iteration 2 Usability'!G5:G14,"Fail") -> 0 | E8: =COUNTIF('Iteration 2 Usability'!G5:G14,"Not Tested")+COUNTIF('Iteration 2 Usability'!G5:G14,"Partial") -> 3 | F8: =IFERROR(C8/B8,"") -> 0.7
A9: Iteration 3 Unit | B9: =COUNTIF('Iteration 3 Unit'!A5:A15,"?*") -> 5 | C9: =COUNTIF('Iteration 3 Unit'!I5:I15,"Pass") -> 3 | D9: =COUNTIF('Iteration 3 Unit'!I5:I15,"Fail") -> 2 | E9: =COUNTIF('Iteration 3 Unit'!I5:I15,"Not Tested")+COUNTIF('Iteration 3 Unit'!I5:I15,"Partial") -> 0 | F9: =IFERROR(C9/B9,"") -> 0.6
A10: Iteration 3 Usability | B10: =COUNTIF('Iteration 3 Usability'!A5:A14,"?*") -> 10 | C10: =COUNTIF('Iteration 3 Usability'!G5:G14,"Pass") -> 7 | D10: =COUNTIF('Iteration 3 Usability'!G5:G14,"Fail") -> 0 | E10: =COUNTIF('Iteration 3 Usability'!G5:G14,"Not Tested")+COUNTIF('Iteration 3 Usability'!G5:G14,"Partial") -> 3 | F10: =IFERROR(C10/B10,"") -> 0.7
A11: System Test - Functionality | B11: =COUNTIF('System Test - Functionality'!A5:A14,"?*") -> 4 | C11: =COUNTIF('System Test - Functionality'!I5:I14,"Pass") -> 4 | D11: =COUNTIF('System Test - Functionality'!I5:I14,"Fail") -> 0 | E11: =COUNTIF('System Test - Functionality'!I5:I14,"Not Tested")+COUNTIF('System Test - Functionality'!I5:I14,"Partial") -> 0 | F11: =IFERROR(C11/B11,"") -> 1
A12: System Test - Performance | B12: =COUNTIF('System Test - Performance'!A5:A14,"?*") -> 4 | C12: =COUNTIF('System Test - Performance'!I5:I14,"Pass") -> 4 | D12: =COUNTIF('System Test - Performance'!I5:I14,"Fail") -> 0 | E12: =COUNTIF('System Test - Performance'!I5:I14,"Not Tested")+COUNTIF('System Test - Performance'!I5:I14,"Partial") -> 0 | F12: =IFERROR(C12/B12,"") -> 1
A13: System Test - Usability | B13: =COUNTIF('System Test - Usability'!A5:A14,"?*") -> 10 | C13: =COUNTIF('System Test - Usability'!G5:G14,"Pass") -> 7 | D13: =COUNTIF('System Test - Usability'!G5:G14,"Fail") -> 0 | E13: =COUNTIF('System Test - Usability'!G5:G14,"Not Tested")+COUNTIF('System Test - Usability'!G5:G14,"Partial") -> 3 | F13: =IFERROR(C13/B13,"") -> 0.7
A14: TOTAL | B14: =SUM(B5:B13) -> 63 | C14: =SUM(C5:C13) -> 47 | D14: =SUM(D5:D13) -> 4 | E14: =SUM(E5:E13) -> 12 | F14: =IFERROR(C14/B14,"") -> 0.74603175
A16: Note: totals update automatically from the Result column on each sheet as you fill in Pass/Fail/Not Tested for each test case.

Sheet Iteration 1 Unit
A1: Iteration 1 Unit
A2: Unit Test – Volunteer Registration & Authentication (FR1, FR2, NFR1) | Planned date: 26 Aug 2026 | Tester: Tebogo Mosoma
A4: Test Case ID | B4: Requirement ref. (FR/NFR) | C4: Test description | D4: Preconditions | E4: Test steps | F4: Test data | G4: Expected result | H4: Actual result | I4: Result | J4: Tested by | K4: Date tested | L4: Comments / defect ref.
A5: T1-UT-01 | B5: FR1 | C5: Register with valid volunteer details | D5: Registration form is accessible | E5: 1. Open registration form 2. Enter valid name, email, city, phone 3. Submit form | F5: Name: Jane Doe Age range: 19 - 25 Email: jane@test.com City: Pretoria Phone: 0821234567 Skills: Cooking | G5: Volunteer account is created and a confirmation is shown | H5: Volunteer account was created and the confirmation message was shown, the user was taken to their dashboard afterwards. | I5: Pass | J5: Tebogo Mosoma | K5: 46260 | L5: The selection options could be more visually apealing during registration.
A6: T1-UT-02 | B6: FR1 | C6: Register with missing required field | D6: Registration form is accessible | E6: 1. Open registration form 2. Leave email blank 3. Submit form | F6: Name: John Smith Age range: 19 - 25 Email: (blank) City: Centurion Phone: 0636001038 Skills: Social Media | G6: Form displays a validation error and does not submit | H6: Form display error message "Please enter valid email" and does not submit. | I6: Pass | J6: Tebogo Mosoma | K6: 46260 | L6: The selection options could be more visually apealing during registration.
A7: T1-UT-03 | B7: FR1 | C7: Register with invalid email format | D7: Registration form is accessible | E7: 1. Open registration form 2. Enter 'notanemail' as email 3. Submit form | F7: Email: notanemail | G7: Form displays an invalid-email validation error | H7: Form display error message "Please enter valid email" and does not submit. | I7: Pass | J7: Tebogo Mosoma | K7: 46260 | L7: Works perfectly.
A8: T1-UT-04 | B8: FR2 / NFR1 | C8: Login with correct credentials | D8: Volunteer account already exists | E8: 1. Open login page 2. Enter registered email and correct password 3. Submit | F8: Email: jane@test.com Password: <valid> | G8: User is authenticated and redirected to the volunteer dashboard | H8: User is authenticated and is automatically redirected to the volunteer dashboard. | I8: Pass | J8: Tebogo Mosoma | K8: 46260 | L8: User authentication works perfectly with no problems.
A9: T1-UT-05 | B9: FR2 / NFR1 | C9: Login with incorrect password | D9: Volunteer account already exists | E9: 1. Open login page 2. Enter registered email with wrong password 3. Submit | F9: Email: jane@test.com Password: wrongpass | G9: Login is rejected with an appropriate error message; account is not accessed | H9: Login is rejected with an appropriate error message is shown and user is denied access. | I9: Pass | J9: Tebogo Mosoma | K9: 46260 | L9: Password validation works perfectly.

Sheet Iteration 1 Usability
A1: Iteration 1 Usability
A2: Usability Test – Public Website (Home, About Us, Projects, Volunteer pages) | Planned date: 26 Aug 2026 | Tester: Unathi Masemola
A4: Test Case ID | B4: Heuristic (Nielsen) | C4: Screen / Task evaluated | D4: What was checked | E4: Expected outcome | F4: Actual observation | G4: Result | H4: Tested by | I4: Date tested | J4: Comments / issue severity
A5: T1-UX-01 | B5: 1. Visibility of system status | C5: Public website (Home / About Us / Projects / Volunteer) | D5: What to check for this heuristic: see 'Nielsen Heuristics Checklist' reference | E5: Expected: heuristic is satisfied | F5: The navigation bar highlights the active page (Home page is underlined when on the home page). When submitting the contact form there's no message or feedback appearing. | G5: Partial | H5: Unathi Masemola | I5: 26/08/2026 | J5: The system should improve it's feedback on user actions.
A6: T1-UX-02 | B6: 2. Match between system and real world | C6: Public website (Home / About Us / Projects / Volunteer) | D6: What to check for this heuristic: see 'Nielsen Heuristics Checklist' reference | E6: Expected: heuristic is satisfied | F6: The website uses natural language like "Register as Volunteer" instead of technical terminology. | G6: Pass | H6: Unathi Masemola | I6: 26/08/2026 | J6: The language is appropriate for a non-profit audience.
A7: T1-UX-03 | B7: 3. User control and freedom | C7: Public website (Home / About Us / Projects / Volunteer) | D7: What to check for this heuristic: see 'Nielsen Heuristics Checklist' reference | E7: Expected: heuristic is satisfied | F7: The navigation menu is visible on all the pages allowing users to move freely. The registration form doesn't have a "Back to Top" option and there's no "cancel" button on the form to clear all fields at once. | G7: Partial | H7: Unathi Masemola | I7: 26/08/2026 | J7: Minor issue, a clear back to top and reset button would enhance user control.
A8: T1-UX-04 | B8: 4. Consistency and standards | C8: Public website (Home / About Us / Projects / Volunteer) | D8: What to check for this heuristic: see 'Nielsen Heuristics Checklist' reference | E8: Expected: heuristic is satisfied | F8: The navigation menu is on the same position across all pages, buttons are consistently red or black and the footer is identical on each page. | G8: Pass | H8: Unathi Masemola | I8: 26/08/2026 | J8: Layout is consistent throughout the public website.
A9: T1-UX-05 | B9: 5. Error prevention | C9: Public website (Home / About Us / Projects / Volunteer) | D9: What to check for this heuristic: see 'Nielsen Heuristics Checklist' reference | E9: Expected: heuristic is satisfied | F9: The email field does not validate input it still uses a demo account that always has access. | G9: Fail | H9: Unathi Masemola | I9: 26/08/2026 | J9: High priority issue, the email field should include input validation.
A10: T1-UX-06 | B10: 6. Recognition rather than recall | C10: Public website (Home / About Us / Projects / Volunteer) | D10: What to check for this heuristic: see 'Nielsen Heuristics Checklist' reference | E10: Expected: heuristic is satisfied | F10: The navigation menu lists all pages clearly "Home, About, Projects, Volunteer, Gallery, Contact) and the Donate button is always visilble. | G10: Pass | H10: Unathi Masemola | I10: 26/08/2026 | J10: Users don't need to remember page loactions.
A11: T1-UX-07 | B11: 7. Flexibility and efficiency of use | C11: Public website (Home / About Us / Projects / Volunteer) | D11: What to check for this heuristic: see 'Nielsen Heuristics Checklist' reference | E11: Expected: heuristic is satisfied | F11: The public website is simple and user friendly for first time users, there are no shortcuts or bulk actions but it’s still appropriate for a public facing site. | G11: Pass | H11: Unathi Masemola | I11: 26/08/2026 | J11: The website is designed for simplicity which suits it's purpose.
A12: T1-UX-08 | B12: 8. Aesthetic and minimalist design | C12: Public website (Home / About Us / Projects / Volunteer) | D12: What to check for this heuristic: see 'Nielsen Heuristics Checklist' reference | E12: Expected: heuristic is satisfied | F12: Pages contain only relevant information, the Home page has a hero section, ipact counters and calls-to-action. The registration form has clear labels and placeholder text. | G12: Pass | H12: Unathi Masemola | I12: 26/08/2026 | J12: The design remains clean and proffessional.
A13: T1-UX-09 | B13: 9. Help users recognise, diagnose and recover from errors | C13: Public website (Home / About Us / Projects / Volunteer) | D13: What to check for this heuristic: see 'Nielsen Heuristics Checklist' reference | E13: Expected: heuristic is satisfied | F13: When submitting the registration form with a missing email, there is no message asking for a valid email, only accepts the demo's email since it's only front-end. | G13: Fail | H13: Unathi Masemola | I13: 26/08/2026 | J13: Minor issue, we need to implement email authentication in the backend logic.
A14: T1-UX-10 | B14: 10. Help and documentation | C14: Public website (Home / About Us / Projects / Volunteer) | D14: What to check for this heuristic: see 'Nielsen Heuristics Checklist' reference | E14: Expected: heuristic is satisfied | F14: The FAQ page is accessible and the contact page provides email adresses and phone numbers for the foundation. There are no tooltips on the registration form. | G14: Partial | H14: Unathi Masemola | I14: 26/08/2026 | J14: FAQ is available but contextual help could be improved.

Sheet Iteration 2 Unit
A1: Iteration 2 Unit
A2: Unit Test – Volunteer Hour Logging & Donation Capture (FR4, FR8, FR11) | Planned date: 2 Sept 2026 | Tester: Lerato Letsoalo
A4: Test Case ID | B4: Requirement ref. (FR/NFR) | C4: Test description | D4: Preconditions | E4: Test steps | F4: Test data | G4: Expected result | H4: Actual result | I4: Result | J4: Tested by | K4: Date tested | L4: Comments / defect ref.
A5: T2-UT-01 | B5: FR4 | C5: Log hours for an attended event | D5: Volunteer is logged in and registered for an event | E5: 1. Open 'Log Hours' 2. Select event 3. Enter hours 4. Submit | F5: Event: Community Food Drive Hours: 3 | G5: Hours are saved with status 'Pending' and admin is notified. | H5: Hours are saved with the status of 'Pending' upon submission and admin is notified. | I5: Pass | J5: Lerato Letsoalo | K5: 02/09/2026 | L5: Volunteers can sucessfully log hours for events. *subject to approval/rejection by the admin.
A6: T2-UT-02 | B6: FR4 | C6: Log hours with an invalid (negative) value | D6: Volunteer is logged in | E6: 1. Open 'Log Hours' 2. Enter -2 as hours 3. Submit | F6: Hours: -2 | G6: Form rejects the entry with a validation error. | H6: The volunteer hour logging was rejected, with the error message "Please enter between 0.5 and 24 hours" shown. | I6: Pass | J6: Lerato Letsoalo | K6: 02/09/2026 | L6: The system validates numbers and rejects invalid values.
A7: T2-UT-03 | B7: FR8 | C7: Capture a monetary donation | D7: Admin/donor is on the donation form | E7: 1. Open donations 2. Enter donation amount and details 3. Submit | F7: Name: Tebogo Mosoma Date: 02/09/2026 Amount: R500 City: Pretoria | G7: Donation record is created with status and transaction reference; total updates. | H7: Donation record is created and automatically updated onto the system. | I7: Pass | J7: Lerato Letsoalo | K7: 02/09/2026 | L7: Monetary donation capturing works perfectly as required.
A8: T2-UT-04 | B8: FR8 | C8: Capture a physical donation | D8: Admin is logged into admin portal | E8: 1. Open donations 2. Select 'Donation Type' 3. Enter item and quantity 4. Submit | F8: Item: Blankets Qty: 20 | G8: Physical donation is recorded and reflected in donation totals | H8: The physical donation is captured and automatically recorded onto the item donation and total donations. | I8: Pass | J8: Lerato Letsoalo | K8: 02/09/2026 | L8: Physical donations can also be captured and recorded on the website.
A9: T2-UT-05 | B9: FR11 | C9: Donation total updates within 5 seconds of entry | D9: A donation has just been submitted | E9: 1. Submit a new donation 2. Observe the donation summary/report screen | F9: Amount: R250 | G9: Updated total is reflected on the summary/report within 5 seconds | H9: The updated total reflets on the admin portal within 5 seconds. | I9: Pass | J9: Lerato Letsoalo | K9: 02/09/2026 | L9: The website has real-time updates.

Sheet Iteration 2 Usability
A1: Iteration 2 Usability
A2: Usability Test – Volunteer Dashboard & Donation/Payment Flow | Planned date: 2 Sept 2026 | Tester: Benjamin Mulamba
A4: Test Case ID | B4: Heuristic (Nielsen) | C4: Screen / Task evaluated | D4: What was checked | E4: Expected outcome | F4: Actual observation | G4: Result | H4: Tested by | I4: Date tested | J4: Comments / issue severity
A5: T2-UX-01 | B5: 1. Visibility of system status | C5: Volunteer dashboard & donation/payment flow | D5: What to check for this heuristic: see 'Nielsen Heuristics Checklist' reference | E5: Expected: heuristic is satisfied | F5: After logging in, the volunteer dashboard displays "Total Hours: 12" and "Pending Approvals": 3" when logging hours, a "Hours submitted successfully" message appears. | G5: Pass | H5: Benjamin Mulamba | I5: 46267 | J5: Dashboard provides clear status updates.
A6: T2-UX-02 | B6: 2. Match between system and real world | C6: Volunteer dashboard & donation/payment flow | D6: What to check for this heuristic: see 'Nielsen Heuristics Checklist' reference | E6: Expected: heuristic is satisfied | F6: The dashboard uses terms like "log Hours" and "Upcoming Events" which are familiar to volunteers. | G6: Pass | H6: Benjamin Mulamba | I6: 46267 | J6: Jargon is appropriate for volunteers.
A7: T2-UX-03 | B7: 3. User control and freedom | C7: Volunteer dashboard & donation/payment flow | D7: What to check for this heuristic: see 'Nielsen Heuristics Checklist' reference | E7: Expected: heuristic is satisfied | F7: Volunteers can edit their logged hours before final submission, but once the hours are approvd, they can't be edited this is intentional to prevent fraud. There is no "cancel" button on the donation form. | G7: Partial | H7: Benjamin Mulamba | I7: 46267 | J7: A cancel button on the donation form would improve the system's user control.
A8: T2-UX-04 | B8: 4. Consistency and standards | C8: Volunteer dashboard & donation/payment flow | D8: What to check for this heuristic: see 'Nielsen Heuristics Checklist' reference | E8: Expected: heuristic is satisfied | F8: The volunteer dashboard uses the same colour which is red and black and naviagtion style as the public website, the buttons are also consistently styled. | G8: Pass | H8: Benjamin Mulamba | I8: 46267 | J8: Consistent design across the system.
A9: T2-UX-05 | B9: 5. Error prevention | C9: Volunteer dashboard & donation/payment flow | D9: What to check for this heuristic: see 'Nielsen Heuristics Checklist' reference | E9: Expected: heuristic is satisfied | F9: The "Log Hours" form rejects negative values with the message "Hours must be a positive number." The donation form validates that the amount is greater that zero. | G9: Pass | H9: Benjamin Mulamba | I9: 46267 | J9: Validation prevents common errors.
A10: T2-UX-06 | B10: 6. Recognition rather than recall | C10: Volunteer dashboard & donation/payment flow | D10: What to check for this heuristic: see 'Nielsen Heuristics Checklist' reference | E10: Expected: heuristic is satisfied | F10: The volunteer dashboard shows a summary card with "Total Hours" and "pending Approvals" so volunteers don't need to calculate or remember their hours. Upcoming events are listed on the dashboard. | G10: Pass | H10: Benjamin Mulamba | I10: 46267 | J10: Dashboard minimises memory load.
A11: T2-UX-07 | B11: 7. Flexibility and efficiency of use | C11: Volunteer dashboard & donation/payment flow | D11: What to check for this heuristic: see 'Nielsen Heuristics Checklist' reference | E11: Expected: heuristic is satisfied | F11: The donation form has pre set amounts that’s can be clicked instead of typing, saving time. However, there are no bulk actions for logging hours. | G11: Partial | H11: Benjamin Mulamba | I11: 46267 | J11: Numbers are helpful, but bulk actions would improve efficienc.
A12: T2-UX-08 | B12: 8. Aesthetic and minimalist design | C12: Volunteer dashboard & donation/payment flow | D12: What to check for this heuristic: see 'Nielsen Heuristics Checklist' reference | E12: Expected: heuristic is satisfied | F12: The volunteer dashboard displays only relevant information; upcoming events, logged hours, and certificates. The donation form is simple with only necessary fields. | G12: Pass | H12: Benjamin Mulamba | I12: 46267 | J12: Clean and focused design.
A13: T2-UX-09 | B13: 9. Help users recognise, diagnose and recover from errors | C13: Volunteer dashboard & donation/payment flow | D13: What to check for this heuristic: see 'Nielsen Heuristics Checklist' reference | E13: Expected: heuristic is satisfied | F13: When entering an invalid donation amount like R0 the message "Please enter an amount greater than R0" apperas. When a payment fails, the message says "Transaction declined. Please check your card details." | G13: Pass | H13: Benjamin Mulamba | I13: 46267 | J13: Error messages are sprcific and actionable.
A14: T2-UX-10 | B14: 10. Help and documentation | C14: Volunteer dashboard & donation/payment flow | D14: What to check for this heuristic: see 'Nielsen Heuristics Checklist' reference | E14: Expected: heuristic is satisfied | F14: The FAQ page is accessible from the footer but there are no tooltops on the "Log Hours" from, but the form labels are self-explanatory. | G14: Partial | H14: Benjamin Mulamba | I14: 46267 | J14: Adding tooltips would help to improve UX for new users.

Sheet Iteration 3 Unit
A1: Iteration 3 Unit
A2: Unit Test – Certificate Generation & Reporting Dashboard (FR5, FR10, FR11, NFR3) | Planned date: 9 Sept 2026 | Tester: Benjamin & Tebogo
A4: Test Case ID | B4: Requirement ref. (FR/NFR) | C4: Test description | D4: Preconditions | E4: Test steps | F4: Test data | G4: Expected result | H4: Actual result | I4: Result | J4: Tested by | K4: Date tested | L4: Comments / defect ref.
A5: T3-UT-01 | B5: FR5 | C5: Generate certificate after admin approves hours | D5: Volunteer has pending hours awaiting approval | E5: 1. Admin opens pending hours 2. Approves the hours 3. Volunteer opens 'My Certificates' | F5: Volunteer: Jane Doe Hours approved: 10 | G5: A downloadable certificate with correct name, hours and date is available | H5: A certificate with the correct details is generated and can be downloaded as a pdf or png. | I5: Pass | J5: Benjamin Mulamba | K5: 09/09/2026 | L5: Certificate downloading could be done faster.
A6: T3-UT-02 | B6: FR5 | C6: Certificate is not generated for rejected hours | D6: Volunteer has pending hours awaiting approval | E6: 1. Admin rejects the submitted hours with a reason 2. Volunteer checks certificates list | F6: Hours rejected with reason 'Insufficient evidence' | G6: No certificate is generated; volunteer is notified of the rejection and reason | H6: Volunteer hours are rejected and downloadable certificate is not generated. | I6: Pass | J6: Benjamin Mulamba | K6: 09/09/2026 | L6: The system validates admin rejections and does not generate certificates for rejected hours.
A7: T3-UT-03 | B7: FR10 | C7: Volunteer hours report totals are correct per city/project | D7: Seeded volunteer hour data exists across cities | E7: 1. Open admin reporting dashboard 2. Filter by city/project 3. Compare displayed totals to seeded data | F7: Seeded total: 42 hours (Pretoria) | G7: Dashboard total matches the seeded data exactly | H7: The Reports page provides a Volunteer Hours Report, but the current implementation does not provide a city/project filter, so the Pretoria total of 42 hours cannot be verified using the required filter. | I7: Fail | J7: Tebogo Mosoma | K7: 09/09/2026 | L7: Defect: City filtering is not implemented in the current reporting interface.
A8: T3-UT-04 | B8: FR11 | C8: Donation report totals are correct per city/date range | D8: Seeded donation data exists | E8: 1. Open donation report 2. Filter by date range and city 3. Compare totals | F8: Seeded total: R12,500 (Sept 2026, Pretoria) | G8: Report total matches the seeded data exactly | H8: The admin Reports page contains a Donation Summary Report, but the current implementation only displays overall donation statistics. The report interface does not provide the required city and date range filtering | I8: Fail | J8: Tebogo Mosoma | K8: 09/09/2026 | L8: Defect: City and date filtering and production report generation are not fully implemented.
A9: T3-UT-05 | B9: NFR3 | C9: Dashboard loads within acceptable time | D9: Admin is logged in | E9: 1. Navigate to admin dashboard 2. Measure load time | F9: N/A | G9: Dashboard loads within 5 seconds on a standard broadband connection | H9: Dashboard loads within 5 seconds after log in with a stable connection. | I9: Pass | J9: Tebogo Mosoma | K9: 09/09/2026 | L9: The dashboard loading time is up to standard.

Sheet Iteration 3 Usability
A1: Iteration 3 Usability
A2: Usability Test – Admin Dashboard | Planned date: 9 Sept 2026 | Tester: Unathi Maesemola
A4: Test Case ID | B4: Heuristic (Nielsen) | C4: Screen / Task evaluated | D4: What was checked | E4: Expected outcome | F4: Actual observation | G4: Result | H4: Tested by | I4: Date tested | J4: Comments / issue severity
A5: T3-UX-01 | B5: 1. Visibility of system status | C5: Admin dashboard (volunteers, donations, approvals) | D5: What to check for this heuristic: see 'Nielsen Heuristics Checklist' reference | E5: Expected: heuristic is satisfied | F5: The admin dashboard displays "pending approvals: %" and "Total Donations: R12, 000". When approving hours, a "hours approved successfully" message appears. | G5: Pass | H5: Unathi Masemola | I5: 46274 | J5: Dashboard provides clear feedback.
A6: T3-UX-02 | B6: 2. Match between system and real world | C6: Admin dashboard (volunteers, donations, approvals) | D6: What to check for this heuristic: see 'Nielsen Heuristics Checklist' reference | E6: Expected: heuristic is satisfied | F6: The dashboard uses terms like "Volunteer management", "Hour Approvals" and "Donation Reports" which are familiar to administrators. | G6: Pass | H6: Unathi Masemola | I6: 46274 | J6: Terminology is appropriate.
A7: T3-UX-03 | B7: 3. User control and freedom | C7: Admin dashboard (volunteers, donations, approvals) | D7: What to check for this heuristic: see 'Nielsen Heuristics Checklist' reference | E7: Expected: heuristic is satisfied | F7: Administrators can reject hours with a reason, which can be chnaged later if needed, but there is no undo option after approval. | G7: Partial | H7: Unathi Masemola | I7: 46274 | J7: Minor issue - An undo option would provide more control.
A8: T3-UX-04 | B8: 4. Consistency and standards | C8: Admin dashboard (volunteers, donations, approvals) | D8: What to check for this heuristic: see 'Nielsen Heuristics Checklist' reference | E8: Expected: heuristic is satisfied | F8: The admin dashboard uses the same navigation style and colours as the volunteer dashboard and public website. | G8: Pass | H8: Unathi Masemola | I8: 46274 | J8: There is consistent design across all portals.
A9: T3-UX-05 | B9: 5. Error prevention | C9: Admin dashboard (volunteers, donations, approvals) | D9: What to check for this heuristic: see 'Nielsen Heuristics Checklist' reference | E9: Expected: heuristic is satisfied | F9: When approving hours, a confirmation dialog asks "Are you sure you want to approve these hours?" This prevents accidental approvals. | G9: Pass | H9: Unathi Masemola | I9: 46274 | J9: Confirmation dialogs prevent errors.
A10: T3-UX-06 | B10: 6. Recognition rather than recall | C10: Admin dashboard (volunteers, donations, approvals) | D10: What to check for this heuristic: see 'Nielsen Heuristics Checklist' reference | E10: Expected: heuristic is satisfied | F10: The admin dashboard sjows recent donations and pending approvals immediately upon login. Reports are accessible from the sidebar. | G10: Pass | H10: Unathi Masemola | I10: 46274 | J10: Information is easily accessible.
A11: T3-UX-07 | B11: 7. Flexibility and efficiency of use | C11: Admin dashboard (volunteers, donations, approvals) | D11: What to check for this heuristic: see 'Nielsen Heuristics Checklist' reference | E11: Expected: heuristic is satisfied | F11: The admin dashboard allows filtering of donations by date range, but there are no bulk actions for approving multiple hours at once. | G11: Partial | H11: Unathi Masemola | I11: 46274 | J11: Bulk actions would improve efficiency for large volumes.
A12: T3-UX-08 | B12: 8. Aesthetic and minimalist design | C12: Admin dashboard (volunteers, donations, approvals) | D12: What to check for this heuristic: see 'Nielsen Heuristics Checklist' reference | E12: Expected: heuristic is satisfied | F12: The admin dashboard displays key metrics like Total Volunteers and Total Donations in clean cards. The layout is not cluttered. | G12: Pass | H12: Unathi Masemola | I12: 46274 | J12: Clean and focused design.
A13: T3-UX-09 | B13: 9. Help users recognise, diagnose and recover from errors | C13: Admin dashboard (volunteers, donations, approvals) | D13: What to check for this heuristic: see 'Nielsen Heuristics Checklist' reference | E13: Expected: heuristic is satisfied | F13: When rejecting hours without providing a reason, the message "please provide a reason for rejection" appears. | G13: Pass | H13: Unathi Masemola | I13: 46274 | J13: Error messages are clear and actionable.
A14: T3-UX-10 | B14: 10. Help and documentation | C14: Admin dashboard (volunteers, donations, approvals) | D14: What to check for this heuristic: see 'Nielsen Heuristics Checklist' reference | E14: Expected: heuristic is satisfied | F14: The FAQ page is accessible but there's no admin-specific help documentation, however the dashboard is intutitive. | G14: Partial | H14: Unathi Masemola | I14: 46274 | J14: Admin-specific help documentation would improve the Admin's user experience.

Sheet System Test - Functionality
A1: System Test - Functionality
A2: System Test – Full Integrated System, Functionality (FR1–FR17) | Planned date: 12 Sept 2026 | Testers: All group members
A4: Test Case ID | B4: Requirement ref. (FR/NFR) | C4: Test description | D4: Preconditions | E4: Test steps | F4: Test data | G4: Expected result | H4: Actual result | I4: Result | J4: Tested by | K4: Date tested | L4: Comments / defect ref.
A5: ST-FN-01 | B5: FR1–FR17 | C5: End-to-end: public user registers, donates and submits enquiry | D5: Public website is live | E5: 1. Visit public website 2. Register as volunteer 3. Make a donation 4. Submit contact enquiry | F5: N/A | G5: All three actions complete successfully and are reflected in the admin portal | H5: Users can visit the website, register as a volunteer, make a donation and submit contect enquiry. | I5: Pass | J5: Tebogo Mosoma | K5: 12/09/2026 | L5: The website is live and works perfectly.
A6: ST-FN-02 | B6: FR1–FR17 | C6: End-to-end: volunteer logs hours and receives certificate | D6: Volunteer account exists | E6: 1. Log in as volunteer 2. Sign up for a drive 3. Log hours 4. Admin approves 5. Download certificate | F6: N/A | G6: Certificate is generated and downloadable after admin approval | H6: Volunteers can generate downloadable certificates upon admin approval. | I6: Pass | J6: Tebogo Mosoma | K6: 12/09/2026 | L6: The systems validates admin approvals/rejections allowing volunteers to generate downloadable certificates.
A7: ST-FN-03 | B7: FR1–FR17 | C7: End-to-end: admin manages content and generates reports | D7: Admin account exists | E7: 1. Log in as admin 2. Create/update a project 3. Upload gallery image 4. Generate a report | F7: N/A | G7: Content updates are published; report reflects accurate, current data | H7: Admin can create and update projects, uploading images and receive generated reports. | I7: Pass | J7: Lerato Letsoalo | K7: 12/09/2026 | L7: Gallery updates are automatically shown on the public website.
A8: ST-FN-04 | B8: NFR1 | C8: Role-based access is enforced across the system | D8: Accounts for all 3 roles exist | E8: 1. Attempt to access admin URLs as a public user 2. Attempt to access admin URLs as a volunteer | F8: N/A | G8: Access is denied for unauthorised roles in both cases | H8: Access is denied for unauthorised users. | I8: Pass | J8: Lerato Letsoalo | K8: 12/09/2026 | L8: Role-based access is implemented throughout the system.

Sheet System Test - Performance
A1: System Test - Performance
A2: System Test – Full Integrated System, Performance (NFR3, NFR6) | Planned date: 12 Sept 2026 | Testers: All group members
A4: Test Case ID | B4: Requirement ref. (FR/NFR) | C4: Test description | D4: Preconditions | E4: Test steps | F4: Test data | G4: Expected result | H4: Actual result | I4: Result | J4: Tested by | K4: Date tested | L4: Comments / defect ref.
A5: ST-PF-01 | B5: NFR3 | C5: Public website page load time | D5: Standard broadband connection | E5: 1. Load Home page 2. Load Projects page 3. Measure load time for each | F5: N/A | G5: Each page loads within 3 seconds | H5: Each page loads within 3 seconds. | I5: Pass | J5: Unathi Masemola | K5: 12/09/2026 | L5: The public website load time is up to standard.
A6: ST-PF-02 | B6: NFR3 | C6: Admin dashboard load time | D6: Admin logged in | E6: 1. Navigate to dashboard 2. Measure load time | F6: N/A | G6: Dashboard loads within 5 seconds | H6: Admin dashboard loads within 5 seconds. | I6: Pass | J6: Unathi Masemola | K6: 12/09/2026 | L6: The admin dashboard load time is up to standard.
A7: ST-PF-03 | B7: NFR6 | C7: System availability during testing window | D7: System is deployed | E7: 1. Access system at random intervals over the testing period 2. Log any downtime | F7: N/A | G7: At least 99% availability recorded, excluding planned maintenance | H7: Sytem website is available for at least 99% of the time, excluding planned maintenance. | I7: Pass | J7: Benjamin Mulamba | K7: 12/09/2026 | L7: System website can be accessed at any time during testing window.
A8: ST-PF-04 | B8: URD Goal | C8: Donation record updates within 5 seconds | D8: Donation form accessible | E8: 1. Submit a donation 2. Time how long until it appears in reports | F8: N/A | G8: Record appears in reports within 5 seconds | H8: Donation record appears in reports within 5 seconds | I8: Pass | J8: Benjamin Mulamba | K8: 12/09/2026 | L8: Donation records appear on the reports almost instantly.

Sheet System Test - Usability
A1: System Test - Usability
A2: System Test – Full Integrated System, Usability (Nielsen heuristics, all portals) | Planned date: 12 Sept 2026 | Testers: All group members
A4: Test Case ID | B4: Heuristic (Nielsen) | C4: Screen / Task evaluated | D4: What was checked | E4: Expected outcome | F4: Actual observation | G4: Result | H4: Tested by | I4: Date tested | J4: Comments / issue severity
A5: ST-UX-01 | B5: 1. Visibility of system status | C5: Full system (public website + volunteer portal + admin portal) | D5: What to check for this heuristic : see 'Nielsen Heuristics Checklist' reference | E5: Expected: heuristic is satisfied | F5: A "Thank you" message appears after a donation has been made and the system gives feedback when the user registers or signs up. | G5: Pass | H5: Unathi Masemola | I5: 46277 | J5: The user receives necessary feedback on actions.
A6: ST-UX-02 | B6: 2. Match between system and real world | C6: Full system (public website + volunteer portal + admin portal) | D6: What to check for this heuristic : see 'Nielsen Heuristics Checklist' reference | E6: Expected: heuristic is satisfied | F6: All buttons and labels use familiar non-techincal language like "Volunteer With Us" and "Donate Now". | G6: Pass | H6: Tebogo Mosoma | I6: 46277 | J6: The system uses natural language, easy for users to understand.
A7: ST-UX-03 | B7: 3. User control and freedom | C7: Full system (public website + volunteer portal + admin portal) | D7: What to check for this heuristic : see 'Nielsen Heuristics Checklist' reference | E7: Expected: heuristic is satisfied | F7: The system enables the volunteers to edit their login hours and cancel a donation but they isn't a sign out as a volunteer option. | G7: Partial | H7: Benjamin Mulamba | I7: 46277 | J7: Users can undo or leave an unwanted state, but a sign out option must be included.
A8: ST-UX-04 | B8: 4. Consistency and standards | C8: Full system (public website + volunteer portal + admin portal) | D8: What to check for this heuristic : see 'Nielsen Heuristics Checklist' reference | E8: Expected: heuristic is satisfied | F8: The navigation menu remains in the same position on all pages and the busttons are usually red or black and the layout matches standard we conventions. | G8: Pass | H8: Lerato Letsoalo | I8: 46277 | J8: Layout of the system is kept consistent throughout.
A9: ST-UX-05 | B9: 5. Error prevention | C9: Full system (public website + volunteer portal + admin portal) | D9: What to check for this heuristic : see 'Nielsen Heuristics Checklist' reference | E9: Expected: heuristic is satisfied | F9: The registration confirmation prevented submission when the email field was empty, with a message "email is required", but the delete option is not available. | G9: Partial | H9: Unathi Masemola | I9: 46277 | J9: Low severity, the system has to include a delete or log out option for signed in users.
A10: ST-UX-06 | B10: 6. Recognition rather than recall | C10: Full system (public website + volunteer portal + admin portal) | D10: What to check for this heuristic : see 'Nielsen Heuristics Checklist' reference | E10: Expected: heuristic is satisfied | F10: The volunteer dashboard shows the total hours volunteered so the user doesn't have to calculate it, the admin dashboard shows recent donations and requests that need to be approved. | G10: Pass | H10: Lerato Letsoalo | I10: 46277 | J10: The information on the dashboard minimises the user's memory load.
A11: ST-UX-07 | B11: 7. Flexibility and efficiency of use | C11: Full system (public website + volunteer portal + admin portal) | D11: What to check for this heuristic : see 'Nielsen Heuristics Checklist' reference | E11: Expected: heuristic is satisfied | F11: The system does not currently have much bulk actions for frequent tasks, but donation amounts don't need to be typed out, a sinlge click on a certain amount is an option. | G11: Partial | H11: Tebogo Mosoma | I11: 46277 | J11: The admin dashboard could implement filtering of danations by city and date within a single click.
A12: ST-UX-08 | B12: 8. Aesthetic and minimalist design | C12: Full system (public website + volunteer portal + admin portal) | D12: What to check for this heuristic : see 'Nielsen Heuristics Checklist' reference | E12: Expected: heuristic is satisfied | F12: The dashboard displays clean metrics in a clean layout and the pages contail only necessary information like "email" and "passwor" fields in the Sign in page. | G12: Pass | H12: Benjamin Mulamba | I12: 46277 | J12: The pages contain relevant and clear information in a clean layout.
A13: ST-UX-09 | B13: 9. Help users recognise, diagnose and recover from errors | C13: Full system (public website + volunteer portal + admin portal) | D13: What to check for this heuristic : see 'Nielsen Heuristics Checklist' reference | E13: Expected: heuristic is satisfied | F13: The system informs the user of any invalid imputs for example the email would say "incorrect email or password" | G13: Pass | H13: Tebogo Mosoma | I13: 46277 | J13: Error messages are expressed in natural language.
A14: ST-UX-10 | B14: 10. Help and documentation | C14: Full system (public website + volunteer portal + admin portal) | D14: What to check for this heuristic : see 'Nielsen Heuristics Checklist' reference | E14: Expected: heuristic is satisfied | F14: The FAQ page was easily accessible with answers to the most common questions, it also has a contact us form where users can communicate with the foundation through the website in also includes emails and the name of the owners. | G14: Pass | H14: Benjamin Mulamba | I14: 46277 | J14: Help is fairly easy to find with contact support.
